id,count,relative_density,density,area
263445,10.0,-95.86705000246825,9.986141056046133E-6,1001387.8177642479
270305,0.0,-100.0,0.0,1001355.8494838291
269777,1040.0,329.77682396653483,0.0010384379170598347,1001504.2622332091
263446,950.0,292.6244840481919,9.486694690485312E-4,1001402.5232126457
263444,10.0,-95.8669895132276,9.986287211719401E-6,1001373.1618157853
269778,0.0,-100.0,0.0,1001519.3549673314
277296,0.0,-100.0,0.0,1001441.4048602028
277297,0.0,-100.0,0.0,1001456.289264081
270833,0.0,-100.0,0.0,1001212.399874541
270831,760.0,214.16803580510967,7.59100962441942E-4,1001184.3451695357
270834,0.0,-100.0,0.0,1001226.501406173
270832,360.0,48.814356686094996,3.595691111481172E-4,1001198.34779608
277298,390.0,61.1716259484733,3.894270658766645E-4,1001471.2231725489
263447,480.0,98.3757637524889,4.7932066928376056E-4,1001417.2781600563
262915,0.0,-100.0,0.0,1001159.4574466847
270307,500.0,106.64806218171388,4.993084114585471E-4,1001385.0929116788
263443,0.0,-100.0,0.0,1001358.5553612363
277294,0.0,-100.0,0.0,1001411.7845605635
277295,0.0,-100.0,0.0,1001426.5699615509
270830,210.0,-13.189201305713667,2.0975450500656774E-4,1001170.3919943201
270303,170.0,-29.735568885465923,1.6977474219422438E-4,1001326.8039925393
270302,380.0,57.06393588551458,3.7950195853016325E-4,1001312.3554665323
270308,860.0,255.42945080325055,8.58797864313382E-4,1001399.7888636799
262916,0.0,-100.0,0.0,1001173.3720832396
270304,370.0,52.926253531980684,3.6950438303271497E-4,1001341.3019981447
270306,380.0,57.05482437361575,3.7947994305862116E-4,1001370.4464514967
278348,0.0,-100.0,0.0,1001500.8071143981
263977,0.0,-100.0,0.0,1001675.4652080312
277820,0.0,-100.0,0.0,1001382.1519439251
277292,0.0,-100.0,0.0,1001382.3622369701
270829,110.0,-54.52704537005864,1.0987293324162495E-4,1001156.4882690045
262914,0.0,-100.0,0.0,1001145.5922493741
270300,790.0,226.5370313703682,7.889872505678682E-4,1001283.6068407986
264495,30.0,-87.60548580644438,2.994794689796177E-5,1001738.1192178411
269782,0.0,-100.0,0.0,1001580.2211322479
269244,0.0,-100.0,0.0,1001565.1488722049
269780,280.0,15.703896755660537,2.7956675847185756E-4,1001549.688992034
269246,0.0,-100.0,0.0,1001595.781544583
270835,0.0,-100.0,0.0,1001240.6523931576
277300,0.0,-100.0,0.0,1001501.2395135922
270837,0.0,-100.0,0.0,1001269.1027406913
278346,370.0,52.90647993089671,3.6945660554454587E-4,1001470.7937205594
263451,0.0,-100.0,0.0,1001476.7929731202
277818,0.0,-100.0,0.0,1001352.9290427563
277822,0.0,-100.0,0.0,1001411.5727940117
263979,0.0,-100.0,0.0,1001706.8062194438
269248,0.0,-100.0,0.0,1001626.6123795491
269772,680.0,181.02889057587151,6.790292996021769E-4,1001429.5412560133
269776,300.0,23.975946033428876,2.995538986404278E-4,1001489.2190073202
269774,830.0,243.01037109481115,8.287905615807525E-4,1001459.2811203601
269770,460.0,90.11338720276343,4.593569006117462E-4,1001399.9994065559
271367,260.0,7.484519741897781,2.597068863947027E-4,1001128.6323954144
263967,300.0,23.9719212048678,2.995441737451928E-4,1001521.7330022079
263969,90.0,-62.80955065902781,8.986052898740222E-5,1001552.0831467321
263971,30.0,-87.60356165598247,2.995259608024977E-5,1001582.631422773
277828,0.0,-100.0,0.0,1001501.023334217
263975,10.0,-95.86810838304098,9.9835837694357E-6,1001644.322414017
277824,0.0,-100.0,0.0,1001441.1916274149
263973,0.0,-100.0,0.0,1001613.3778264623
277826,440.0,81.83469390076155,4.393537069793752E-4,1001471.008461652
270313,990.0,309.1268346184613,9.885428768200868E-4,1001474.0111067316
264492,0.0,-100.0,0.0,1001690.8868737795
270297,140.0,-42.13020711205033,1.3982649560443912E-4,1001240.8549238887
263965,0.0,-100.0,0.0,1001491.580951974
263436,40.0,-83.46605155862167,3.994975536786164E-5,1001257.6956147967
264493,0.0,-100.0,0.0,1001706.5814249425
270840,470.0,94.263329122549,4.6938409799137266E-4,1001312.1492851228
278345,60.0,-75.20398488470748,5.991277530989789E-5,1001455.86128586
276762,1120.0,362.8517496631368,0.001118354410998006,1001471.4378427903
263452,0.0,-100.0,0.0,1001491.7954543647
276759,0.0,-100.0,0.0,1001426.7824231826
269784,110.0,-54.54767791408496,1.0982308035322438E-4,1001610.9514157369
270839,660.0,172.7992359378453,6.591445944625177E-4,1001297.7509709836
269240,450.0,85.96108571730647,4.4932400198830126E-4,1001504.4778571974
269241,1380.0,470.2720684130815,0.0013779061732895948,1001519.5713256777
262400,130.0,-46.25791944441814,1.2985300993090734E-4,1001131.9727526598
276763,10.0,-95.86745692395465,9.985157841788932E-6,1001486.4219921443
268711,0.0,-100.0,0.0,1001626.8338469544
270298,650.0,168.6773704597904,6.491852361101338E-4,1001255.0560988543
270827,0.0,-100.0,0.0,1001128.8291295909
270310,1360.0,462.0579001396649,0.001358058886706059,1001429.3292529082
270314,550.0,127.28928317456682,5.491822653708255E-4,1001489.004071576
277285,0.0,-100.0,0.0,1001280.9428408532
268710,70.0,-71.07580778591148,6.988738396413663E-5,1001611.3929220925
268714,0.0,-100.0,0.0,1001673.4538849129
264488,0.0,-100.0,0.0,1001628.6042260367
269237,10.0,-95.86734580735732,9.985426324595415E-6,1001459.4945604564
270309,980.0,305.01829406465265,9.786157144955191E-4,1001414.5343100224
269245,270.0,11.568189153642255,2.695739544202766E-4,1001580.440442177
277293,10.0,-95.86708810004333,9.98604900369639E-6,1001397.0486524196
262930,0.0,-100.0,0.0,1001373.3704463071
270828,0.0,-100.0,0.0,1001142.6339805264
262913,170.0,-29.721880881049103,1.6980781550577273E-4,1001131.7764948265
270301,2020.0,734.9308235282331,0.002017381526699594,1001297.9564181346
270844,160.0,-33.871639085882144,1.5978106202298295E-4,1001370.2373375485
263440,0.0,-100.0,0.0,1001315.0328857126
277811,10.0,-95.8664902327307,9.987493586214985E-6,1001252.2074409416
276758,0.0,-100.0,0.0,1001411.9962860683
270293,710.0,193.49902755974637,7.091599682489211E-4,1001184.5447976331
264496,10.0,-95.86856061069747,9.982491085234362E-6,1001753.9624745105
270836,0.0,-100.0,0.0,1001254.8528338319
263448,0.0,-100.0,0.0,1001432.0826067529
269775,1370.0,466.16529650851464,0.001367983284421231,1001474.2253079666
269779,10.0,-95.86765529247866,9.984678538612465E-6,1001534.4972127329
263958,10.0,-95.86704913826584,9.98614314415443E-6,1001387.6083734771
269783,600.0,147.92556624587158,5.990441881488939E-4,1001595.5615128488
271366,0.0,-100.0,0.0,1001114.8777071721
269771,860.0,255.42414225470353,8.587850376605977E-4,1001414.7455837284
271370,300.0,24.015451345568696,2.9964935240099275E-4,1001170.1930813387
263966,560.0,131.41774219501224,5.591575552114709E-4,1001506.6322196263
263460,0.0,-100.0,0.0,1001613.5981960484
271374,100.0,-58.66383273439527,9.987752024030481E-5,1001226.2995657132
263456,0.0,-100.0,0.0,1001552.3005871701
268180,360.0,48.736749910678,3.5938159564304653E-4,1001720.7457600797
270848,780.0,222.35680510118826,7.788868793571953E-4,1001429.117208552
277819,10.0,-95.86696620983408,9.98634351798367E-6,1001367.5157470537
277823,0.0,-100.0,0.0,1001426.3574573316
263978,0.0,-100.0,0.0,1001691.1109331702
263974,0.0,-100.0,0.0,1001628.8253506076
269763,340.0,40.53288205938437,3.3955919720679475E-4,1001298.1618428577
263970,380.0,57.02395085666914,3.7940534566564295E-4,1001567.3325142897
277827,230.0,-4.9514683601495975,2.2965872916257487E-4,1001485.9911428995
269767,1330.0,449.6997839051717,0.0013281988855015042,1001356.0578300108
264484,10.0,-95.86778986673508,9.984353376801206E-6,1001567.114324614
269233,1730.0,614.9915015717614,0.0017275810239257507,1001400.2099124431
269761,320.0,32.27002671129189,3.1959427164973865E-4,1001269.5107085838
263956,220.0,-9.072424099962829,2.1970156894334295E-4,1001358.3474077694
263462,10.0,-95.86810929809847,9.983581558450027E-6,1001644.544240346
270321,0.0,-100.0,0.0,1001595.3414285567
263461,10.0,-95.86804536704409,9.983736030322955E-6,1001629.0464439011
262934,0.0,-100.0,0.0,1001432.2941572943
269234,1180.0,387.67488301479847,0.0011783327100944813,1001414.9568209687
263955,540.0,123.18911250681342,5.392753265821876E-4,1001343.7911621236
263957,0.0,-100.0,0.0,1001372.9531495029
270288,0.0,-100.0,0.0,1001115.2696968424
270289,0.0,-100.0,0.0,1001129.0258382736
269235,650.0,168.6305003053001,6.490719872263248E-4,1001429.7532352936
277282,0.0,-100.0,0.0,1001238.2194558661
270319,0.0,-100.0,0.0,1001564.7116910514
265010,0.0,-100.0,0.0,1001722.099977484
268708,0.0,-100.0,0.0,1001580.6597118581
265009,0.0,-100.0,0.0,1001706.3565933821
270320,470.0,94.21137728543735,4.692585706141173E-4,1001580.0017992477
268707,0.0,-100.0,0.0,1001565.3674032113
277283,110.0,-54.531401809524795,1.0986240709951407E-4,1001252.4111214976
270318,0.0,-100.0,0.0,1001549.4711140472
271908,80.0,-66.9282895664771,7.990872513606661E-5,1001142.2390205571
263430,0.0,-100.0,0.0,1001173.1736282276
263428,0.0,-100.0,0.0,1001145.3952500104
263429,0.0,-100.0,0.0,1001159.259719898
271906,0.0,-100.0,0.0,1001114.6816827597
271907,10.0,-95.86597919740245,9.988728363039185E-6,1001128.4356277545
270853,410.0,69.43132089156472,4.093843551811278E-4,1001503.8308403355
270845,170.0,-29.73964413470009,1.697648954712504E-4,1001384.883064882
268701,470.0,94.2318069751511,4.6930793336066265E-4,1001474.6536125685
277284,370.0,52.93765499734242,3.695319315492506E-4,1001266.6522451445
265007,250.0,3.29412490171581,2.4958194561884627E-4,1001675.018519938
271373,0.0,-100.0,0.0,1001212.1987653964
268709,140.0,-42.15072662441878,1.397769158260641E-4,1001596.0015473047
276221,20.0,-91.73442337741014,1.997150077112822E-5,1001426.9948562393
264489,0.0,-100.0,0.0,1001644.1005628724
276749,390.0,61.20222148221526,3.8950099159940847E-4,1001281.1479594505
276755,180.0,-25.605422911636676,1.797541080954212E-4,1001367.9348259917
269236,300.0,23.981469843079957,2.9956724541267893E-4,1001444.5991474299
270294,10.0,-95.86626869703825,9.988028866505094E-6,1001198.5481474779
276757,0.0,-100.0,0.0,1001397.2596428684
271381,510.0,110.79338046900035,5.093244370973215E-4,1001326.3901228234
267647,0.0,-100.0,0.0,1001736.7608450626
270855,20.0,-91.7353070009803,1.996936573692329E-5,1001534.0628981555
263455,270.0,11.573017145240334,2.695856199388879E-4,1001537.1000174491
271379,100.0,-58.66677395053621,9.987041359752489E-5,1001297.5454672426
271371,1030.0,325.7804492176914,0.0010287817726645225,1001184.1455280865
277810,0.0,-100.0,0.0,1001238.0165048034
263463,0.0,-100.0,0.0,1001660.0915887435
269754,120.0,-50.39384902551909,1.1985966952770531E-4,1001170.7897481084
278342,10.0,-95.86714716831935,9.985906281394755E-6,1001411.360992993
276223,320.0,32.245300935403826,3.1953452858827266E-4,1001456.7170996631
276747,10.0,-95.86649191433712,9.987489523073911E-6,1001252.6147734309
270847,920.0,280.22133588498616,9.187006605290034E-4,1001414.3229964027
269768,940.0,288.5039581211705,9.387133473541228E-4,1001370.6555355837
269762,1300.0,437.33930885707866,0.0012983331848703057,1001283.8115432294
264481,50.0,-79.33800867637079,4.992403972460043E-5,1001521.5170050059
264483,110.0,-54.54499649190529,1.0982955927509208E-4,1001551.8656911025
269760,560.0,131.47584141129875,5.592979360458457E-4,1001255.2593330091
268175,0.0,-100.0,0.0,1001642.5464737692
268173,0.0,-100.0,0.0,1001611.6136312383
269769,1170.0,383.55636418949257,0.001168381438011333,1001385.3027239307
267114,0.0,-100.0,0.0,1001736.9873322587
263948,160.0,-33.86325421814891,1.5980132175803186E-4,1001243.282845113
263981,0.0,-100.0,0.0,1001738.3454811234
260386,0.0,-100.0,0.0,1001661.4260789194
278344,0.0,-100.0,0.0,1001440.9783510322
263964,0.0,-100.0,0.0,1001476.5792058829
269753,140.0,-42.12535337961956,1.3983822331871848E-4,1001156.8845587577
269752,0.0,-100.0,0.0,1001143.0288138664
278343,10.0,-95.867208181121,9.98575886067975E-6,1001426.1449248816
263437,500.0,106.67141206309081,4.993648300479836E-4,1001271.9557201402
264491,30.0,-87.60470777575881,2.9949826795898273E-5,1001675.2418784805
270296,60.0,-75.19830963938367,5.992648798495204E-5,1001226.7032078772
270295,0.0,-100.0,0.0,1001212.6009491114
269785,0.0,-100.0,0.0,1001626.3908595967
269243,220.0,-9.08981517919437,2.196595481663128E-4,1001549.9068286775
269242,410.0,69.42609628164355,4.093717313430298E-4,1001534.714316763
270311,1430.0,490.9785906550079,0.0014279378097747989,1001444.1736965606
269227,710.0,193.4614435875796,7.09069156879868E-4,1001312.7677478286
267640,0.0,-100.0,0.0,1001627.2766738404
267639,10.0,-95.86797436162368,9.98390759546273E-6,1001611.8342826592
271914,1020.0,321.62899112257367,0.0010187509118627057,1001226.0976876188
271915,0.0,-100.0,0.0,1001240.2472135299
277290,160.0,-33.87050985429189,1.5978379050166089E-4,1001353.1378724981
277291,0.0,-100.0,0.0,1001367.7253155098
270312,1440.0,495.102457425204,0.0014379020037011987,1001459.0676509255
269226,890.0,267.8654099314075,8.888459515380439E-4,1001298.3672367064
267113,0.0,-100.0,0.0,1001721.197326229
275688,0.0,-100.0,0.0,1001486.8526990166
262418,10.0,-95.86705173051368,9.986136880697898E-6,1001388.2364589751
275687,0.0,-100.0,0.0,1001471.8670678751
265527,0.0,-100.0,0.0,1001674.7951126418
276748,150.0,-37.99826063045295,1.4981021193923805E-4,1001266.8566335046
271372,290.0,19.87825576702954,2.8965295306192116E-4,1001198.1474188687
265008,0.0,-100.0,0.0,1001690.6627757594
271388,370.0,52.91287582914547,3.6947205947990204E-4,1001428.9051270646
268692,1860.0,668.7639315424346,0.0018575073649011304,1001341.924746017
262401,280.0,15.75057604774316,2.796795461889632E-4,1001145.7892270043
268700,20.0,-91.73469337592246,1.997084839371484E-5,1001459.7079558391
276756,0.0,-100.0,0.0,1001382.5724907417
277299,20.0,-91.73491207021429,1.9970319978890623E-5,1001486.2065876136
270838,110.0,-54.532809120834315,1.0985900671740081E-4,1001283.4021243418
266053,10.0,-95.86849246836525,9.982655732506156E-6,1001737.4402121638
271380,10.0,-95.86673682696899,9.986897758815993E-6,1001311.943057837
265000,0.0,-100.0,0.0,1001566.8960915748
264490,0.0,-100.0,0.0,1001659.6464463796
264482,100.0,-58.676642433084126,9.984656911385307E-5,1001536.6665826242
276214,140.0,-42.13504273710642,1.3981481164166844E-4,1001324.5260366704
276222,0.0,-100.0,0.0,1001441.8312259146
270846,1340.0,453.80879561662164,0.0013381271862493937,1001399.5782836275
266579,0.0,-100.0,0.0,1001689.9902507652
270854,190.0,-21.484229539194747,1.897118424887784E-4,1001518.9221054486
263980,0.0,-100.0,0.0,1001722.551066615
268166,200.0,-17.350664152714486,1.9969947046357452E-4,1001504.9090301935
270862,0.0,-100.0,0.0,1001641.4352564635
268174,0.0,-100.0,0.0,1001627.0552800144
264474,180.0,-25.609057263042878,1.797453266812228E-4,1001416.8564127893
277825,0.0,-100.0,0.0,1001456.0752924392
263972,0.0,-100.0,0.0,1001597.9798533665
264995,760.0,214.07179047480116,7.588684119767728E-4,1001491.1518326077
275153,0.0,-100.0,0.0,1001502.1038673182
262950,0.0,-100.0,0.0,1001675.9117320023
266578,0.0,-100.0,0.0,1001674.348198616
267106,300.0,23.960741847086766,2.9951716189075857E-4,1001612.0549026087
268689,530.0,119.06587334472927,5.293126490987977E-4,1001298.5725966924
267633,470.0,94.22296992622373,4.6928658105367595E-4,1001520.2202132484
264468,280.0,15.729388438841951,2.796283521384051E-4,1001329.0778948299
271393,0.0,-100.0,0.0,1001503.615102306
271920,0.0,-100.0,0.0,1001311.7368068823
275154,0.0,-100.0,0.0,1001517.1892569591
271922,1190.0,391.8442025312986,0.001188406728126241,1001340.6789410147
267105,80.0,-66.94329413214079,7.98724707150618E-5,1001596.661325191
276208,0.0,-100.0,0.0,1001238.6252663481
266049,0.0,-100.0,0.0,1001674.5716760156
266051,210.0,-13.235610605722178,2.0964236965131928E-4,1001705.9068225357
276210,0.0,-100.0,0.0,1001267.0609958528
271391,580.0,139.6905713296662,5.791465796904896E-4,1001473.5825772579
271395,490.0,102.48502239041125,4.892495666618018E-4,1001533.8456880371
267108,0.0,-100.0,0.0,1001642.9906902162
276206,500.0,106.68412109800747,4.993955379480161E-4,1001210.387370435
271923,590.0,143.8519868367293,5.892014998494966E-4,1001355.2242326392
275678,1340.0,453.84217565985676,0.0013382078399762477,1001339.2239756897
263938,10.0,-95.86587789341684,9.988973136358618E-6,1001103.9036236112
271918,890.0,267.8710584945549,8.888595997429309E-4,1001282.9925641788
267635,0.0,-100.0,0.0,1001550.5601132504
263941,10.0,-95.86604841499525,9.988561117694921E-6,1001145.198209261
262421,0.0,-100.0,0.0,1001432.5056680755
269218,0.0,-100.0,0.0,1001184.9439426633
269216,0.0,-100.0,0.0,1001157.0826613656
265522,250.0,3.3021378245385598,2.496013066509485E-4,1001597.3207608606
265520,10.0,-95.86778806580546,9.9843577282541E-6,1001566.6778146015
267630,940.0,288.4634478680353,9.386154654290413E-4,1001475.081779444
269219,0.0,-100.0,0.0,1001198.9487481446
275681,0.0,-100.0,0.0,1001382.9929090021
275683,650.0,168.6351500723724,6.49083222114211E-4,1001412.4196321126
265524,0.0,-100.0,0.0,1001628.1618640266
265526,0.0,-100.0,0.0,1001659.2011448394
268157,1070.0,342.2329520131036,0.0010685347369486537,1001371.2825616981
262419,10.0,-95.86711242822176,9.985990221320217E-6,1001402.9433605765
271389,0.0,-100.0,0.0,1001443.7481059183
266574,50.0,-79.33988090878734,4.991951598804118E-5,1001612.2754871682
264999,0.0,-100.0,0.0,1001551.648189863
264463,260.0,7.4707084176077965,2.59673515114476E-4,1001257.289891039
270861,20.0,-91.73606516818165,1.9967533833652864E-5,1001625.9477318334
267637,250.0,3.303811011748113,2.4960534944931233E-4,1001581.0981277379
275676,20.0,-91.73346002409932,1.997382845040196E-5,1001310.2920986344
263943,0.0,-100.0,0.0,1001172.9751405071
271916,620.0,156.2770325447536,6.192232177851726E-4,1001254.4462037546
267110,0.0,-100.0,0.0,1001674.1246743643
268685,0.0,-100.0,0.0,1001241.4623353193
263945,0.0,-100.0,0.0,1001200.9498653077
276205,0.0,-100.0,0.0,1001196.3426018634
274620,0.0,-100.0,0.0,1001547.7267950559
266054,0.0,-100.0,0.0,1001753.2812575459
266576,0.0,-100.0,0.0,1001643.2127463629
264997,0.0,-100.0,0.0,1001521.3009633649
266572,330.0,36.36097086573608,3.294789170974418E-4,1001581.536406483
264993,500.0,106.63235758800256,4.992704656116042E-4,1001461.2007692107
268167,10.0,-95.8675954922647,9.984823029441574E-6,1001520.0039613796
268691,610.0,152.12515539544236,6.091913444537367E-4,1001327.4245499801
264461,10.0,-95.86639409604761,9.987725874163932E-6,1001228.9209766779
268155,360.0,48.79298817233828,3.5951747999055176E-4,1001342.1322642252
264465,190.0,-21.465953726946893,1.897560009806861E-4,1001285.8566688425
268687,340.0,40.536846139290546,3.3956877531955297E-4,1001269.9185313527
272456,0.0,-100.0,0.0,1001240.0445918755
264475,400.0,65.31076245071093,3.9942815492595364E-4,1001431.65940356
268169,0.0,-100.0,0.0,1001550.3423911515
272450,270.0,11.615500389001312,2.6968826905512906E-4,1001155.893602503
270859,340.0,40.49121595082646,3.3945852247384024E-4,1001595.121319134
272454,20.0,-91.73264679139176,1.9975793404377676E-5,1001211.7964544536
272452,0.0,-100.0,0.0,1001183.7461321296
279366,0.0,-100.0,0.0,1001440.5517099432
264459,130.0,-46.261611237992724,1.2984408972345078E-4,1001200.7498907443
271929,200.0,-17.345598963499505,1.9971170910522434E-4,1001443.5352642431
266042,410.0,69.42072622944406,4.0935875608352404E-4,1001566.4595100174
274617,0.0,-100.0,0.0,1001502.3198741626
267642,0.0,-100.0,0.0,1001658.3100829478
269225,290.0,19.86797516783762,2.8962811281131747E-4,1001284.0161995075
271913,330.0,36.41130053315712,3.2960052494618677E-4,1001211.997626152
271386,940.0,288.49281893154307,9.386864325550239E-4,1001399.3676689251
268698,1240.0,412.46423059071435,0.0012382293751226794,1001429.9651687274
276215,0.0,-100.0,0.0,1001339.0159878335
267099,350.0,44.63627548607742,3.4947392290923037E-4,1001505.3400448029
267096,10.0,-95.86734932897414,9.985417815573472E-6,1001460.3479489647
265002,50.0,-79.33957696778467,4.992025037818073E-5,1001597.540501402
268151,720.0,197.60312706196842,7.190763999893764E-4,1001284.4254249441
278855,0.0,-100.0,0.0,1001425.9323624687
263950,0.0,-100.0,0.0,1001271.7521582758
267112,0.0,-100.0,0.0,1001705.4568861041
265529,0.0,-100.0,0.0,1001706.1317240603
265517,0.0,-100.0,0.0,1001521.0848893127
265513,590.0,143.82623385011448,5.89139274814811E-4,1001460.9876169935
275674,0.0,-100.0,0.0,1001281.5581003112
267115,0.0,-100.0,0.0,1001752.8269114974
269228,1080.0,346.3856132273575,0.0010785685047581546,1001327.217729361
271398,540.0,123.13657378880288,5.391483811680716E-4,1001579.5629954102
271909,450.0,86.02579714332296,4.494803594154476E-4,1001156.0918595602
269221,0.0,-100.0,0.0,1001227.1067226406
267626,340.0,40.51640282217052,3.395193796461149E-4,1001415.590339456
271402,0.0,-100.0,0.0,1001641.2128981615
275685,10.0,-95.8672737955174,9.985600321472156E-6,1001442.0443502911
278859,0.0,-100.0,0.0,1001485.560145915
267621,930.0,284.3818064685129,9.28753297539236E-4,1001342.339740884
262946,0.0,-100.0,0.0,1001613.818500252
271925,1550.0,540.6093955609422,0.0015478570487715822,1001384.46326818
264990,170.0,-29.741872616653602,1.697595109553134E-4,1001416.6454847406
266565,0.0,-100.0,0.0,1001475.5097855858
264456,20.0,-91.73220968800683,1.997684954492148E-5,1001158.8641655663
268694,670.0,176.91228007702915,6.690826384669608E-4,1001371.0735868757
266047,0.0,-100.0,0.0,1001643.4347554637
265006,20.0,-91.73634135404409,1.9966866506203576E-5,1001659.4238152555
275669,190.0,-21.460049781116812,1.897702662478395E-4,1001210.5887645247
267103,590.0,143.80066356543614,5.890774912292864E-4,1001566.0227804469
276212,180.0,-25.600055583047986,1.7976707677406787E-4,1001295.694573845
274613,0.0,-100.0,0.0,1001442.4705015946
268148,0.0,-100.0,0.0,1001241.6647536568
271382,560.0,131.45604729519212,5.592501089887464E-4,1001340.8866609067
267646,0.0,-100.0,0.0,1001720.9715631241
263954,10.0,-95.8668084081584,9.986724802488194E-6,1001329.2844024799
272459,0.0,-100.0,0.0,1001282.7877373814
268176,0.0,-100.0,0.0,1001658.0872233876
268682,0.0,-100.0,0.0,1001199.1489978988
269759,90.0,-62.79799781052496,8.988844327981259E-5,1001241.0574275956
275147,0.0,-100.0,0.0,1001412.6312621199
272463,380.0,57.05952583055185,3.7949130284089795E-4,1001340.4711920772
275151,0.0,-100.0,0.0,1001472.0816464091
276746,0.0,-100.0,0.0,1001238.4223774148
268160,980.0,305.01795235343616,9.786148888440086E-4,1001415.3791974568
269755,50.0,-79.33105851752785,4.9940832878790295E-5,1001184.7443824837
270852,490.0,102.4941321122892,4.892715778082489E-4,1001488.7890995305
276224,10.0,-95.86739597797876,9.985305101037698E-6,1001471.6524746725
266569,0.0,-100.0,0.0,1001535.7992772653
264986,0.0,-100.0,0.0,1001357.9314398249
268164,260.0,7.447359612110617,2.5961709912460817E-4,1001474.8677058751
266581,10.0,-95.86842640704248,9.982815351588833E-6,1001721.4230460981
263464,0.0,-100.0,0.0,1001675.6884855806
268678,0.0,-100.0,0.0,1001143.4235223134
264472,10.0,-95.86704827387467,9.986145232718803E-6,1001387.3989370596
274081,630.0,160.3460248439599,6.290548225904827E-4,1001502.53582927
262439,0.0,-100.0,0.0,1001707.4803393562
271377,670.0,176.9405376962513,6.691509152599608E-4,1001268.8987202675
265011,0.0,-100.0,0.0,1001737.892928421
268178,100.0,-58.682939837863216,9.983135316097471E-5,1001689.3173705996
268705,180.0,-25.617827509818348,1.797241357833294E-4,1001534.9313850822
269232,1370.0,466.2154531303364,0.0013681044741527077,1001385.5124978421
264452,0.0,-100.0,0.0,1001103.7087368227
274608,10.0,-95.86697139732034,9.986330983844718E-6,1001368.772592997
276751,0.0,-100.0,0.0,1001309.8790197395
268144,0.0,-100.0,0.0,1001185.3429538682
273522,0.0,-100.0,0.0,1001155.4970104978
268146,0.0,-100.0,0.0,1001213.4049451337
276753,0.0,-100.0,0.0,1001338.8079657
265506,770.0,218.24671397296328,7.689559704944774E-4,1001357.7233880521
262437,0.0,-100.0,0.0,1001676.1349333755
267619,1000.0,313.32572171509867,9.9868833680641E-4,1001313.3859135518
272995,0.0,-100.0,0.0,1001254.0394470345
268703,420.0,73.56364263774742,4.1936897823995783E-4,1001504.6934627604
265508,220.0,-9.075023984080353,2.1969528703585738E-4,1001386.9799769209
274606,370.0,52.926507378103416,3.695049963823054E-4,1001339.6398493688
262932,710.0,193.43507914491894,7.090054544292141E-4,1001402.7333140711
270323,0.0,-100.0,0.0,1001626.1693266119
269230,810.0,234.7794979956137,8.089029123635858E-4,1001356.2661472049
274079,260.0,7.447612498237834,2.596177101546325E-4,1001472.5106586134
266033,230.0,-4.946251310599941,2.296713347331069E-4,1001431.024325587
266031,290.0,19.85391565454045,2.895941418503698E-4,1001401.4722364099
263427,0.0,-100.0,0.0,1001131.5802181809
277812,80.0,-66.93239216880836,7.989881232182948E-5,1001266.4478385852
267612,0.0,-100.0,0.0,1001213.6058572977
263457,10.0,-95.86779166704702,9.984349026840795E-6,1001567.5506852906
272988,10.0,-95.866091759445,9.988456387710403E-6,1001155.6953188282
272470,1510.0,524.0408604801985,0.001507823724267979,1001443.3223837736
263959,240.0,-0.8106358487573903,2.3966391615320374E-4,1001402.3130898913
271934,100.0,-58.67589241790253,9.984838132000172E-5,1001518.489113132
267094,1010.0,317.4101164413883,0.0010085571573558137,1001430.6007682986
272468,1110.0,358.7455979236961,0.0011084330205887165,1001413.6888582146
266558,710.0,193.44411160250533,7.090272788876746E-4,1001371.9092921945
273547,240.0,-0.8220774584213217,2.396362706389632E-4,1001517.8393490558
270843,0.0,-100.0,0.0,1001355.6411019232
266560,180.0,-25.60789879847023,1.7974812579339155E-4,1001401.2619352592
276219,340.0,40.51894538890464,3.3952552306185097E-4,1001397.4706050673
271375,90.0,-62.797975234357374,8.98884978289347E-5,1001240.4498212609
267092,0.0,-100.0,0.0,1001401.0516023355
271936,300.0,23.96856870750381,2.9953607335404684E-4,1001548.8172785279
263459,0.0,-100.0,0.0,1001598.1994854569
270857,380.0,57.02439602404653,3.794064212906147E-4,1001564.4930503974
264479,190.0,-21.482069204735392,1.8971706234497125E-4,1001491.3664144465
264979,920.0,280.2810453141243,9.18844932001464E-4,1001257.0869776906
275140,760.0,214.12845430895717,7.59005324603588E-4,1001310.4985751337
264981,20.0,-91.73325659981663,1.997431996943372E-5,1001285.6523078422
278332,0.0,-100.0,0.0,1001266.2433799069
275142,500.0,106.65748531430937,4.993311798761047E-4,1001339.4319258438
269764,1410.0,482.78974737682347,0.001408151714102061,1001312.5616220392
264477,0.0,-100.0,0.0,1001461.4138830921
268171,150.0,-38.01769982841001,1.4976324244458375E-4,1001580.8789363243
269766,590.0,143.8553266937755,5.892095696987786E-4,1001341.5096119797
268153,690.0,185.19480666355207,6.890950941808857E-4,1001313.1798887496
270841,1860.0,668.7756992895088,0.0018575357984370465,1001326.5970782512
276217,0.0,-100.0,0.0,1001368.1443284512
273529,0.0,-100.0,0.0,1001253.8360157026
265531,20.0,-91.73698680403075,1.9965306953192928E-5,1001737.6665877668
268680,0.0,-100.0,0.0,1001171.187364229
271368,490.0,102.56418644501137,4.894408449052544E-4,1001142.4365182554
274056,0.0,-100.0,0.0,1001141.448747909
265499,760.0,214.14527501862017,7.590459672388628E-4,1001256.8840390624
276744,0.0,-100.0,0.0,1001210.1859494137
265515,0.0,-100.0,0.0,1001490.9372223326
268696,0.0,-100.0,0.0,1001400.4203863593
271384,660.0,172.7795457431685,6.590970185030745E-4,1001370.0281924752
265004,0.0,-100.0,0.0,1001628.3830620119
274072,160.0,-33.871556181704555,1.5978126233820865E-4,1001368.9819356187
276760,20.0,-91.73454407261752,1.9971209144235424E-5,1001441.6180591092
274615,0.0,-100.0,0.0,1001472.2961651593
271927,910.0,276.088654032688,9.087151673724305E-4,1001413.9002777786
269239,210.0,-13.216856399388757,2.0968768405143338E-4,1001489.4339168246
278857,0.0,-100.0,0.0,1001455.6472452461
266551,570.0,135.60569727731416,5.692766009810129E-4,1001270.7338010038
266024,20.0,-91.73337174299732,1.997404175749197E-5,1001299.5988905597
260899,0.0,-100.0,0.0,1001661.2037553398
266040,170.0,-29.75024651404525,1.6973927772708856E-4,1001536.0161560875
273004,30.0,-87.60110327354937,2.9958536087692687E-5,1001384.0433386312
267628,130.0,-46.2747306230435,1.2981239032477335E-4,1001445.2370436848
274599,0.0,-100.0,0.0,1001239.2337384734
270316,380.0,57.03150698371198,3.794236029759255E-4,1001519.1385553076
268712,0.0,-100.0,0.0,1001642.3243114965
271911,1340.0,453.928073538515,0.0013384153886601682,1001183.9458461532
269223,1010.0,317.48312924548344,0.0010087335727881385,1001255.4625383997
271400,270.0,11.564864372811757,2.695659209985382E-4,1001610.288866834
263952,170.0,-29.73371738995418,1.69779215825736E-4,1001300.4193310129
269773,960.0,296.7407877682366,9.586153889368538E-4,1001444.3864339397
272461,0.0,-100.0,0.0,1001311.5305131418
267085,320.0,32.26610632622241,3.1958479911357895E-4,1001299.1884707054
269757,0.0,-100.0,0.0,1001212.8019982694
278339,10.0,-95.86696534480751,9.986345608083334E-6,1001367.3061650915
275149,120.0,-50.407296099056666,1.1982717835960083E-4,1001442.257447476
264454,0.0,-100.0,0.0,1001131.187577085
275667,100.0,-58.662026315988335,9.988188495534578E-5,1001182.5472127106
267101,330.0,36.36722759621539,3.294940347720213E-4,1001535.5823613886
272477,110.0,-54.54484824540976,1.0982991747212234E-4,1001548.5992504804
267644,0.0,-100.0,0.0,1001689.5417083933
270291,290.0,19.883220295229243,2.8966494848381316E-4,1001156.6864335523
262948,0.0,-100.0,0.0,1001644.766014932
271943,0.0,-100.0,0.0,1001656.5261021659
264972,70.0,-71.06272819030265,6.991898722253169E-5,1001158.6663463884
266567,320.0,32.238851996245025,3.195189464940929E-4,1001505.5554958021
264486,0.0,-100.0,0.0,1001597.7601911274
270850,1290.0,433.1127317725764,0.0012881208196166012,1001458.8541344733
266583,240.0,-0.8453647457889932,2.395800032907966E-4,1001753.054109001
268162,1280.0,428.9873800106452,0.0012781530376146277,1001445.0244462269
264988,10.0,-95.86704740936857,9.986147321560877E-6,1001387.1894728825
275133,0.0,-100.0,0.0,1001210.7901161115
273538,630.0,160.37688586278108,6.291293897851658E-4,1001383.8333242252
264470,850.0,251.31116166682017,8.488471472104564E-4,1001358.1394404543
277821,0.0,-100.0,0.0,1001396.8376267554
263968,170.0,-29.75030733804539,1.6973913076256071E-4,1001536.883311864
263466,0.0,-100.0,0.0,1001707.030960707
266545,0.0,-100.0,0.0,1001185.9412401161
273537,330.0,36.38988686540937,3.2954878468637624E-4,1001369.1912535899
267073,0.0,-100.0,0.0,1001130.205416312
265490,10.0,-95.86598893925805,9.988704824514845E-6,1001130.7948010871
272482,330.0,36.355015251535335,3.294645269878301E-4,1001625.282749149
272481,50.0,-79.33983081615675,4.991963702315538E-5,1001609.8469788021
266018,0.0,-100.0,0.0,1001214.2084228856
266017,0.0,-100.0,0.0,1001200.1497976463
273010,0.0,-100.0,0.0,1001472.939539459
273009,680.0,181.02090456025127,6.790100035839557E-4,1001457.9997508415
266546,0.0,-100.0,0.0,1001199.949693979
274064,0.0,-100.0,0.0,1001253.6325623065
274065,150.0,-37.99832388198501,1.4981005910924458E-4,1001267.8780843208
274066,360.0,48.80189825508373,3.595390087637453E-4,1001282.1730744594
266543,200.0,-17.322031518171574,1.997686533783261E-4,1001158.0726893912
266547,0.0,-100.0,0.0,1001214.0076042817
273007,1160.0,379.40283430274764,0.0011583455712928124,1001428.2686861237
266015,0.0,-100.0,0.0,1001172.1808894863
272479,1070.0,342.14118257292887,0.001068313001245399,1001579.1240513168
266020,450.0,86.00974776652617,4.494415804946646E-4,1001242.4740601899
272480,420.0,73.54808710357248,4.193313925545356E-4,1001594.4607471225
266016,0.0,-100.0,0.0,1001186.140620311
273011,530.0,119.02445348464856,5.292125693578053E-4,1001487.928835761
261925,10.0,-95.86824052951053,9.98326447370607E-6,1001676.3581029039
266544,0.0,-100.0,0.0,1001171.9822427854
273008,980.0,305.0067372812196,9.785877906954283E-4,1001443.109466518
266019,100.0,-58.663916004878914,9.987731904000093E-5,1001228.3165104776
266542,400.0,65.35822619559394,3.9954283805827633E-4,1001144.2125804217
274591,0.0,-100.0,0.0,1001127.451360285
273006,790.0,226.4946836788362,7.88884928976441E-4,1001413.4774066552
274595,0.0,-100.0,0.0,1001182.9469812231
274593,0.0,-100.0,0.0,1001155.1002858963
274596,0.0,-100.0,0.0,1001196.9444932924
274594,0.0,-100.0,0.0,1001168.9989159425
274592,0.0,-100.0,0.0,1001141.2510990241
273541,210.0,-13.211537467084069,2.0970053579372251E-4,1001428.0564670186
273005,590.0,143.84139131812728,5.891758986824404E-4,1001398.7356227615
273013,0.0,-100.0,0.0,1001518.0559789522
266013,0.0,-100.0,0.0,1001144.4097675837
266021,10.0,-95.86650870129756,9.987448961984386E-6,1001256.6810667457
273533,650.0,168.66232766072017,6.491488893085797E-4,1001311.1178428216
261923,20.0,-91.7362240844284,1.9967149856092783E-5,1001645.209463743
274061,150.0,-37.994813547833076,1.498185408697343E-4,1001211.1927483226
265493,0.0,-100.0,0.0,1001172.3794912986
279874,0.0,-100.0,0.0,1001425.5071171299
266548,0.0,-100.0,0.0,1001228.1149652316
266550,140.0,-42.13111008520583,1.3982431381726385E-4,1001256.4780612173
272478,80.0,-66.94221075846458,7.987508839065756E-5,1001563.8368840546
267606,530.0,119.10275821779193,5.294017712864502E-4,1001130.0089006053
274067,10.0,-95.86667315175775,9.987051612514102E-6,1001296.5175297254
272476,550.0,127.27920537519708,5.491579151304159E-4,1001533.41114893
274069,620.0,156.25888433823175,6.191793676175321E-4,1001325.3548573905
273543,0.0,-100.0,0.0,1001457.7860620904
273539,1730.0,614.9927046726335,0.0017275839308893049,1001398.5248806125
274063,0.0,-100.0,0.0,1001239.4365020763
273531,0.0,-100.0,0.0,1001282.3779933418
274059,0.0,-100.0,0.0,1001183.1468123284
264969,10.0,-95.86593291569918,9.988840190091872E-6,1001117.2277957953
273535,600.0,147.98882792212723,5.991970426530394E-4,1001340.0555907376
265495,0.0,-100.0,0.0,1001200.3498562626
267080,0.0,-100.0,0.0,1001227.9133767791
267078,0.0,-100.0,0.0,1001199.7495730423
267076,0.0,-100.0,0.0,1001171.7835752894
267072,0.0,-100.0,0.0,1001116.4449124695
265491,0.0,-100.0,0.0,1001144.6069273185
265489,0.0,-100.0,0.0,1001117.0321123363
267074,0.0,-100.0,0.0,1001144.0153595459
273545,900.0,271.92839714004435,8.986630466876561E-4,1001487.7136845358
273001,700.0,189.3202391984247,6.990630713485368E-4,1001340.263403781
267609,0.0,-100.0,0.0,1001171.5848726036
274601,1480.0,511.74999580856337,0.0014781262180351372,1001267.6738576179
274600,0.0,-100.0,0.0,1001253.4290694855
264970,0.0,-100.0,0.0,1001130.991203859
265497,30.0,-87.59917729743773,2.996318968116295E-5,1001228.5180325842
273527,80.0,-66.93103951135406,7.990208064787921E-5,1001225.4918936631
267610,0.0,-100.0,0.0,1001185.5424217442
274074,630.0,160.37312067051104,6.291202922298762E-4,1001398.3140918976
273528,100.0,-58.6643834619874,9.98761895580024E-5,1001239.639222777
274071,400.0,65.32351862273997,3.9945897671990065E-4,1001354.3900916732
272472,250.0,3.3149456565531947,2.4963225326709356E-4,1001473.153921793
273017,0.0,-100.0,0.0,1001578.904519894
266553,0.0,-100.0,0.0,1001299.3936971161
266552,30.0,-87.59987730454537,2.9961498305820604E-5,1001285.039011948
272475,40.0,-83.47035339313825,3.993936116364722E-5,1001518.272565861
279875,0.0,-100.0,0.0,1001440.3383373877
266011,0.0,-100.0,0.0,1001116.8364112074
274075,10.0,-95.86715415707626,9.985889394978892E-6,1001413.0544073724
266023,190.0,-21.465905632716602,1.8975611718721362E-4,1001285.24348201
266540,0.0,-100.0,0.0,1001116.6406791762
273002,420.0,73.5896222406997,4.1943175083091985E-4,1001354.807231342
279876,10.0,-95.86732816383694,9.985468955327323E-6,1001455.2190525739
261411,300.0,23.956611302119793,2.995071815607998E-4,1001645.4311266663
261412,0.0,-100.0,0.0,1001660.9814036412
266026,170.0,-29.735684958800242,1.6977446173482128E-4,1001328.4581371902
274597,0.0,-100.0,0.0,1001210.9914552628
266027,0.0,-100.0,0.0,1001342.9619847982
272997,0.0,-100.0,0.0,1001282.5828859535
272998,0.0,-100.0,0.0,1001296.9288056155
266541,20.0,-91.73197463377696,1.9977417489052595E-5,1001130.4019130492
266549,0.0,-100.0,0.0,1001242.2717825067
264974,0.0,-100.0,0.0,1001186.5392586375
268140,0.0,-100.0,0.0,1001129.8123475189
266022,260.0,7.469243556686914,2.5966997567949805E-4,1001270.9375415405
274605,630.0,160.39214602095709,6.291662617754328E-4,1001325.147699774
271941,40.0,-83.47212302172792,3.993508534111758E-5,1001625.5044487305
267613,0.0,-100.0,0.0,1001227.7117576781
273532,530.0,119.06627796370464,5.29313626749668E-4,1001296.7231819569
274078,0.0,-100.0,0.0,1001457.5723370251
266014,0.0,-100.0,0.0,1001158.2706089792
273014,50.0,-79.33824957340035,4.992345766294507E-5,1001533.1938258705
267605,10.0,-95.86592887429724,9.988849955032161E-6,1001116.2491195718
273524,280.0,15.746233896474433,2.796690545703658E-4,1001183.3466171029
266557,250.0,3.3268981304706458,2.496611331448031E-4,1001357.3072064859
267087,1160.0,379.4508181896872,0.0011584615112058725,1001328.0448070527
274070,400.0,65.32591959974398,3.9946477802285587E-4,1001339.8477327419
265504,0.0,-100.0,0.0,1001328.6647610146
272467,530.0,119.0439156000213,5.292595942261142E-4,1001398.946343086
265500,110.0,-54.53225236047277,1.0986035197623724E-4,1001271.1412374955
267083,320.0,32.26989205672241,3.1959394629387287E-4,1001270.5300298578
265496,0.0,-100.0,0.0,1001214.4092175445
272471,470.0,94.23499553830648,4.693156376497188E-4,1001458.2133970826
267075,30.0,-87.59830227575253,2.99653039312702E-5,1001157.874747721
274054,0.0,-100.0,0.0,1001113.8972337812
274062,0.0,-100.0,0.0,1001225.2898970884
265492,0.0,-100.0,0.0,1001158.468485666
275131,10.0,-95.86620345695562,9.98818650128612E-6,1001182.7471095338
274058,0.0,-100.0,0.0,1001169.19801637
273540,170.0,-29.741635510062775,1.6976008385841232E-4,1001413.2659229113
273536,1900.0,685.286549878255,0.0018974297441738664,1001354.598679622
275135,0.0,-100.0,0.0,1001239.0309439542
273548,0.0,-100.0,0.0,1001532.9764650082
264978,0.0,-100.0,0.0,1001242.878511205
267079,0.0,-100.0,0.0,1001213.8067438833
273544,950.0,292.596961594116,9.486029685806391E-4,1001472.7251185512
272465,1510.0,524.0867972340353,0.0015079347178449023,1001369.6097918942
267617,180.0,-25.599233434781286,1.7976906327004898E-4,1001284.6299900005
272993,0.0,-100.0,0.0,1001225.6938577809
274609,1450.0,499.28038556111903,0.001447996822102628,1001383.4131862688
266561,0.0,-100.0,0.0,1001416.0124982465
267090,620.0,156.24702414553062,6.191507107120926E-4,1001371.7004167379
266562,840.0,247.15289470837493,8.387998346563413E-4,1001430.8125658494
267089,230.0,-4.939233960065631,2.2968829023760543E-4,1001357.099058346
271937,0.0,-100.0,0.0,1001564.0556470389
271938,640.0,164.458219472226,6.38990813984597E-4,1001579.3435419046
272466,980.0,305.03054146558986,9.786453069835488E-4,1001384.2533211821
272464,1180.0,387.7040752140739,0.0011784032450440633,1001355.0157491945
274610,450.0,85.98083963306658,4.493717319122799E-4,1001398.1032697507
266036,180.0,-25.613430006703837,1.7973476114449327E-4,1001475.723748805
274083,370.0,52.897019528956015,3.6943374707582905E-4,1001532.7590634397
274611,270.0,11.586861332626807,2.696190706237813E-4,1001412.8428502382
272990,460.0,90.15448917197392,4.5945621225656705E-4,1001183.5463944697
268142,0.0,-100.0,0.0,1001157.4787637107
268143,200.0,-17.323130959075648,1.9976599688067734E-4,1001171.3861366629
272991,0.0,-100.0,0.0,1001197.546096405
267615,0.0,-100.0,0.0,1001256.0719455059
267614,0.0,-100.0,0.0,1001241.8671212734
266037,160.0,-33.87959471704284,1.5976183942048157E-4,1001490.7225679319
267616,0.0,-100.0,0.0,1001270.3262351891
274084,430.0,77.68843657416171,4.2933541240943883E-4,1001547.9449664576
272992,0.0,-100.0,0.0,1001211.5952518838
266035,10.0,-95.86735108892024,9.985413563146035E-6,1001460.7744348017
261413,0.0,-100.0,0.0,1001676.5812329552
266030,450.0,85.98294440497243,4.4937681751678883E-4,1001386.770431672
266038,30.0,-87.60261029195404,2.995489479070822E-5,1001505.7709134659
274077,0.0,-100.0,0.0,1001442.6835260475
262435,10.0,-95.86811112764754,9.98357713784608E-6,1001644.9877561083
274085,800.0,230.5781090978421,7.987514074604272E-4,1001563.180393688
273549,710.0,193.39247090889927,7.089025033034332E-4,1001548.163099231
268141,0.0,-100.0,0.0,1001143.620835701
274604,340.0,40.531121636551134,3.3955494362745276E-4,1001310.7050299216
265501,410.0,69.46827429836893,4.094736429617853E-4,1001285.4479091925
265503,890.0,267.85958969843995,8.888318885400818E-4,1001314.2096666186
274612,0.0,-100.0,0.0,1001427.6319221053
265509,20.0,-91.73421444907336,1.997200558919834E-5,1001401.6825038744
265511,240.0,-0.8135005991762158,2.3965699426888628E-4,1001431.236055347
271932,390.0,61.16886823728937,3.894204026233246E-4,1001488.359040181
273525,180.0,-25.59274717484318,1.7978473553966436E-4,1001197.345590489
266556,630.0,160.38756746828483,6.291551989576284E-4,1001342.7546077203
268149,20.0,-91.73301069635805,1.9974914127752822E-5,1001255.8688406236
264457,10.0,-95.86616228928183,9.988285971687997E-6,1001172.7766250592
273551,0.0,-100.0,0.0,1001578.6849527641
264985,720.0,197.58560652844008,7.190340664215142E-4,1001343.3766543121
271940,620.0,156.18604136337015,6.190033625310094E-4,1001610.0679403672
267088,0.0,-100.0,0.0,1001342.5471904085
266564,110.0,-54.54085229905058,1.0983957258143144E-4,1001460.5612057496
267082,0.0,-100.0,0.0,1001256.2750137418
275138,10.0,-95.86661224506219,9.987198776852755E-6,1001281.7631283072
264975,0.0,-100.0,0.0,1001200.5498858506
275144,20.0,-91.73394106611451,1.997266614419923E-5,1001368.5631954905
272458,0.0,-100.0,0.0,1001268.4905561609
264977,390.0,61.21066269253528,3.8952138747087796E-4,1001228.7195119879
264983,370.0,52.93035978282629,3.6951430466258714E-4,1001314.4155213595
275136,0.0,-100.0,0.0,1001253.225535098
267081,0.0,-100.0,0.0,1001242.0694628425
272457,10.0,-95.86649863553343,9.987473283144918E-6,1001254.2428400007
275145,30.0,-87.60109286935575,2.995856122657538E-5,1001383.2030554211
266570,170.0,-29.751297176623083,1.6973673908889772E-4,1001550.9954563484
275672,0.0,-100.0,0.0,1001253.0219925356
275128,0.0,-100.0,0.0,1001141.0534370022
275129,0.0,-100.0,0.0,1001154.9018910133
274618,100.0,-58.67584772690264,9.984848930355561E-5,1001517.4059968375
271930,570.0,135.56154008712716,5.691699072319694E-4,1001458.4270135919
264458,190.0,-21.458178805245147,1.8977478694830237E-4,1001186.7385300186
275671,0.0,-100.0,0.0,1001238.8281173117
267608,0.0,-100.0,0.0,1001157.6767707259
267097,0.0,-100.0,0.0,1001475.2957997592
267098,0.0,-100.0,0.0,1001490.2931639262
267607,0.0,-100.0,0.0,1001143.8181162688
273016,620.0,156.19792258779898,6.190320702538552E-4,1001563.6180945324
272474,0.0,-100.0,0.0,1001503.1835051947
272473,240.0,-0.8191367074159323,2.3964337615787053E-4,1001488.1439572715
266555,940.0,288.5204104070111,9.387530997941952E-4,1001328.2514924086
266554,820.0,238.9269523709911,8.189240992738482E-4,1001313.7978563652
267623,690.0,185.1781992677119,6.890549669600066E-4,1001371.4915141861
262433,10.0,-95.86798345600064,9.983885621393053E-6,1001614.0387838997
266044,180.0,-25.622444446175773,1.7971298022186858E-4,1001597.1009872358
273015,1290.0,433.06507754194354,0.0012880056762276655,1001548.3811982688
274603,0.0,-100.0,0.0,1001296.3118333914
274602,530.0,119.0695061642376,5.293214268115847E-4,1001281.9681086836
273000,630.0,160.39198443768475,6.291658713537363E-4,1001325.7690606595
272999,870.0,259.59411830173724,8.688606420184732E-4,1001311.3241944991
266029,540.0,123.1827988998196,5.392600714810975E-4,1001372.1181263621
266028,10.0,-95.86692493374198,9.986443250348706E-6,1001357.5153146563
267624,90.0,-62.803387761818506,8.987541993959928E-5,1001386.1416223083
265502,850.0,251.33162893784277,8.488966007619354E-4,1001299.8040480715
265510,0.0,-100.0,0.0,1001416.434528139
274060,30.0,-87.5987887118873,2.9964128591655817E-5,1001197.1450541089
265518,10.0,-95.86766245437491,9.984661233852835E-6,1001536.2330066
261924,0.0,-100.0,0.0,1001660.759005371
268684,0.0,-100.0,0.0,1001227.3084297844
265494,0.0,-100.0,0.0,1001186.3399487495
268158,0.0,-100.0,0.0,1001385.9319522531
264992,250.0,3.3177161124835193,2.4963894731462046E-4,1001446.2995027956
274076,10.0,-95.86721519393183,9.98574191614426E-6,1001427.844217833
266012,0.0,-100.0,0.0,1001130.5983690475
262434,230.0,-4.9650853842330145,2.296258273555504E-4,1001629.4884976952
266045,30.0,-87.60393127479774,2.9951702997674723E-5,1001612.496035001
273526,0.0,-100.0,0.0,1001211.3940151252
268150,150.0,-37.99846285672929,1.498097233148603E-4,1001270.1223987964
274068,20.0,-91.73346513734937,1.9973816095634454E-5,1001310.9114572888
274619,10.0,-95.8676472237094,9.984698034582184E-6,1001532.5416316865
271931,800.0,230.6077553384577,7.988230394764801E-4,1001473.3682747699
278845,10.0,-95.86660631775334,9.98721309857024E-6,1001280.327284855
266563,470.0,94.23742991356458,4.6932151965040244E-4,1001445.6621339311
262952,10.0,-95.86836797328615,9.98295654074757E-6,1001707.2556795037
273534,20.0,-91.73358608606176,1.9973523856216283E-5,1001325.5619776617
271939,530.0,119.00110938233428,5.2915616473189E-4,1001594.6809738814
264466,0.0,-100.0,0.0,1001300.214268765
273542,50.0,-79.33638656098617,4.9927959121895266E-5,1001442.8965127305
264984,140.0,-42.13529384448833,1.3981420490949469E-4,1001328.8713448364
273550,220.0,-9.091039863995412,2.1965658905110944E-4,1001563.3992605186
266571,410.0,69.42076316324824,4.093588453239403E-4,1001566.2411680693
272449,0.0,-100.0,0.0,1001142.041508181
264976,510.0,110.81691440012456,5.093813003925342E-4,1001214.6099729005
275137,150.0,-37.99829858714551,1.498101202272923E-4,1001267.4695969779
268161,1290.0,433.12799804777205,0.0012881577063869698,1001430.1770690775
271921,100.0,-58.66795606993892,9.986755732994177E-5,1001326.1831329335
267634,30.0,-87.6029766239545,2.995400964982045E-5,1001535.3654057404
263939,0.0,-100.0,0.0,1001117.6190509341
271394,590.0,143.81218202352832,5.89105322426694E-4,1001518.7056358964
264467,240.0,-0.8019491800226791,2.3968490510766575E-4,1001314.6213450226
263940,0.0,-100.0,0.0,1001131.383912456
275152,0.0,-100.0,0.0,1001487.0679997939
264994,1360.0,462.03162209130585,0.0013579953930035588,1001476.1515442312
267107,650.0,168.57746633765578,6.489438451771893E-4,1001627.4980195279
276207,110.0,-54.53013344597885,1.0986547175243455E-4,1001224.4815902541
262951,0.0,-100.0,0.0,1001691.5589251728
268688,260.0,7.467817842690671,2.596665308323355E-4,1001284.2208296758
262949,130.0,-46.28626654233851,1.2978451693715435E-4,1001660.3140954787
268690,1200.0,395.9910701781179,0.0011984264973677328,1001312.9738333751
264996,450.0,85.96076564305874,4.4932322861659626E-4,1001506.201639046
266052,0.0,-100.0,0.0,1001721.6487369412
276209,0.0,-100.0,0.0,1001252.8183988791
266050,0.0,-100.0,0.0,1001690.2144697991
267631,210.0,-13.216912247279367,2.0968754911031054E-4,1001490.0784095917
267104,360.0,48.75745530757031,3.594316245604328E-4,1001581.3172818677
265521,40.0,-83.47140470077971,3.99368209668369E-5,1001581.9745195934
275679,10.0,-95.86690945077984,9.986480660683697E-6,1001353.7641312948
267636,170.0,-29.75233585583957,1.697342294052156E-4,1001565.8043502227
267632,1150.0,375.2335788546223,0.0011482717080647227,1001505.1245477345
271919,10.0,-95.86667654669382,9.987043409581467E-6,1001297.3399520926
263942,160.0,-33.85769057089382,1.598147647869358E-4,1001159.0619509476
271392,370.0,52.9037652398468,3.694500462375704E-4,1001488.5740793112
271396,300.0,23.968541725772617,2.995360081600876E-4,1001549.0352654511
275680,10.0,-95.8669696686949,9.986335160594372E-6,1001368.35377402
262420,30.0,-87.60151998530077,2.9957529217943094E-5,1001417.6997624848
269215,0.0,-100.0,0.0,1001143.226186526
269217,0.0,-100.0,0.0,1001170.9885802653
275682,0.0,-100.0,0.0,1001397.6815238236
265523,0.0,-100.0,0.0,1001612.7165390396
265525,0.0,-100.0,0.0,1001643.6567330614
275684,10.0,-95.86721256520173,9.985748267750133E-6,1001427.2072425352
269220,70.0,-71.06429864002133,6.991519266115986E-5,1001213.0030056722
266046,0.0,-100.0,0.0,1001627.9406215478
268693,1310.0,441.4333964902185,0.0013082254256728233,1001356.4744212674
266582,0.0,-100.0,0.0,1001737.213793644
271397,20.0,-91.73555629951554,1.99687633753318E-5,1001564.2743659723
267629,760.0,214.08151789187525,7.588919156143855E-4,1001460.1346552987
268165,0.0,-100.0,0.0,1001489.8636095829
264471,390.0,61.187476167342425,3.894653635868935E-4,1001372.7444417204
265519,0.0,-100.0,0.0,1001551.4306430239
275148,110.0,-54.53934785769271,1.098432076516886E-4,1001427.419607124
264991,220.0,-9.079061435143302,2.1968553164180578E-4,1001431.4477418885
262945,0.0,-100.0,0.0,1001598.4190635735
271926,1160.0,379.41677101503643,0.0011583792455387763,1001399.1570269113
271924,810.0,234.7749669830259,8.088919644133674E-4,1001369.8190059734
262947,200.0,-17.360925577513488,1.996746765426367E-4,1001629.2674814668
276213,200.0,-17.334583190209337,1.997383257025659E-4,1001310.0855657705
267102,0.0,-100.0,0.0,1001550.7778089901
266048,0.0,-100.0,0.0,1001658.9784377886
276211,700.0,189.3372613436104,6.991042006975496E-4,1001281.3530537459
267100,240.0,-0.8223346416474289,2.39635649226177E-4,1001520.4364417379
265001,520.0,114.87169190482686,5.191785590424144E-4,1001582.1935310671
268159,0.0,-100.0,0.0,1001400.630829135
268163,270.0,11.581615652267029,2.6960639587474274E-4,1001459.9213196712
266580,10.0,-95.8683614819396,9.98297222530756E-6,1001705.6818658949
268683,0.0,-100.0,0.0,1001213.2039907062
264469,520.0,114.92289356091254,5.193022738128036E-4,1001343.5839247797
266584,0.0,-100.0,0.0,1001768.9439942068
264989,380.0,57.04989249785224,3.79468026532393E-4,1001401.892729852
278844,330.0,36.40393801376629,3.2958273543573816E-4,1001266.0389013101
275150,0.0,-100.0,0.0,1001457.1447944643
276743,0.0,-100.0,0.0,1001196.1419167588
275146,260.0,7.455618858705715,2.596370553306026E-4,1001397.8924115252
264473,440.0,81.84720577468724,4.39383938493904E-4,1001402.1029266743
272448,330.0,36.422713300263176,3.296281007702904E-4,1001128.238851119
264987,0.0,-100.0,0.0,1001372.5357097446
276216,0.0,-100.0,0.0,1001353.5554185726
260898,0.0,-100.0,0.0,1001645.6527476737
275673,0.0,-100.0,0.0,1001267.2653177946
274616,0.0,-100.0,0.0,1001487.2832594838
278856,0.0,-100.0,0.0,1001440.7650566018
268152,0.0,-100.0,0.0,1001298.7779221702
279365,0.0,-100.0,0.0,1001425.7197564954
266043,60.0,-75.20710162910837,5.99052445511804E-5,1001581.7554794997
263949,60.0,-75.19907231348384,5.992464519199576E-5,1001257.49276884
264460,0.0,-100.0,0.0,1001214.8107075389
267641,0.0,-100.0,0.0,1001642.7686050329
265003,0.0,-100.0,0.0,1001612.9370094894
271383,10.0,-95.86691633771532,9.98646402029145E-6,1001355.4326817826
271928,980.0,305.0125677091927,9.786018783268275E-4,1001428.6930202534
268695,730.0,201.70598117567698,7.289898225897809E-4,1001385.7222404429
268699,1050.0,333.9350523034509,0.0010484851362956083,1001444.8118070075
275670,80.0,-66.93101281826853,7.990214514440529E-5,1001224.6837105295
271399,790.0,226.43554410881777,7.887420344123764E-4,1001594.9011625338
267116,20.0,-91.73724291329113,1.9964688135350623E-5,1001768.7160655844
271387,1220.0,404.2066605205327,0.0012182772199912924,1001414.1116491696
265516,10.0,-95.8675376526894,9.98496278292464E-6,1001505.9862918142
265512,400.0,65.30838084380662,3.9942240042553607E-4,1001446.0870843712
267111,0.0,-100.0,0.0,1001689.7660005551
266039,0.0,-100.0,0.0,1001520.8687751691
265532,110.0,-54.554146116641114,1.0980745171432401E-4,1001753.5083700597
265528,0.0,-100.0,0.0,1001690.4386400075
267622,140.0,-42.13691298987596,1.3981029268838368E-4,1001356.8908838433
269224,0.0,-100.0,0.0,1001269.7146364035
271912,900.0,272.03604064313964,8.989231377137557E-4,1001197.9470113353
275686,20.0,-91.73467045654122,1.9970903772118664E-5,1001456.9309538188
271403,10.0,-95.86815964438445,9.98345991044709E-6,1001656.7492333597
267625,0.0,-100.0,0.0,1001400.8412317234
264480,280.0,15.708895968717576,2.795788377002021E-4,1001506.4169493741
271933,0.0,-100.0,0.0,1001503.3993143997
272989,0.0,-100.0,0.0,1001169.5961318098
267638,0.0,-100.0,0.0,1001596.4414368445
275677,920.0,280.25535473449594,9.187828577561588E-4,1001324.733296411
264464,10.0,-95.86657007785622,9.987300662350291E-6,1001271.548547405
269229,870.0,259.5832038014072,8.688342701194865E-4,1001341.7171957928
276220,10.0,-95.86715066386624,9.985897835363595E-6,1001412.2079825876
271917,510.0,110.8055268828434,5.09353785577713E-4,1001268.6946491507
262436,0.0,-100.0,0.0,1001660.5365700729
268156,530.0,119.05316065812961,5.292819323754739E-4,1001356.6826687307
264998,350.0,44.63178278774278,3.494630675349048E-4,1001536.4498139466
271390,840.0,247.14324819917778,8.387765265104411E-4,1001458.6405924459
268702,0.0,-100.0,0.0,1001489.6487808699
275155,0.0,-100.0,0.0,1001532.3241639059
276750,0.0,-100.0,0.0,1001295.4887568677
267095,750.0,209.95341138544995,7.489174775272649E-4,1001445.4496058889
267091,380.0,57.05232990436634,3.79473915857276E-4,1001386.3512635264
268686,0.0,-100.0,0.0,1001255.6657035339
266577,0.0,-100.0,0.0,1001658.7556977954
266573,280.0,15.698445141902559,2.795535861411972E-4,1001596.8811738917
268172,0.0,-100.0,0.0,1001596.2215139198
268168,0.0,-100.0,0.0,1001535.1484107035
272455,0.0,-100.0,0.0,1001225.895795731
264982,10.0,-95.86668756514992,9.987016786501847E-6,1001300.0091794879
275143,190.0,-21.471295930748695,1.897430930092016E-4,1001353.972820428
272451,600.0,148.03100127663382,5.992989430068208E-4,1001169.7951437421
278333,0.0,-100.0,0.0,1001280.532508524
270860,110.0,-54.54765787209639,1.0982312877919737E-4,1001610.5097602732
270856,0.0,-100.0,0.0,1001549.253212383
264476,40.0,-83.46916892789523,3.994222309931064E-5,1001446.5118915817
275139,270.0,11.599870757077161,2.6965050433280194E-4,1001296.1061135889
270849,1110.0,358.73173077037075,0.0011083995144129256,1001443.9609240736
266034,380.0,57.04299511899221,3.7945136090656776E-4,1001445.8746230913
268145,0.0,-100.0,0.0,1001199.3492215071
265012,10.0,-95.86855967438927,9.982493347566528E-6,1001753.7354470403
268177,0.0,-100.0,0.0,1001673.6775221891
262933,120.0,-50.40606950264006,1.1983014209369931E-4,1001417.4889834302
268706,10.0,-95.86771977040843,9.984522745365042E-6,1001550.1246308585
270322,380.0,57.017147275873995,3.7938890667713667E-4,1001610.7306041592
262438,0.0,-100.0,0.0,1001691.7828557285
271378,200.0,-17.332363313729306,1.9974368942573452E-4,1001283.1973565842
271376,330.0,36.40548962086684,3.2958648446908696E-4,1001254.6495393437
276754,0.0,-100.0,0.0,1001353.346654888
273521,10.0,-95.86603374859524,9.988596555031251E-6,1001141.646367027
276752,80.0,-66.9343032906396,7.989419461965709E-5,1001324.3187549058
265507,10.0,-95.8669860674034,9.986295537609246E-6,1001372.3269393682
270290,180.0,-25.58869555514326,1.7979452516834435E-4,1001142.8314152684
265505,680.0,181.0531310240488,6.790878700022313E-4,1001343.1693276537
264453,0.0,-100.0,0.0,1001117.4234386596
266032,10.0,-95.86716723606192,9.985857793194277E-6,1001416.2235331812
274607,130.0,-46.26984525399233,1.2982419448027608E-4,1001354.1814792514
262931,20.0,-91.73410173317936,1.9972277936267E-5,1001388.0271354857
268704,70.0,-71.07316219847613,6.989377630116496E-5,1001519.7876614556
269231,1080.0,346.3661565748156,0.0010785214930892793,1001370.8645772887
274080,130.0,-46.27699775817902,1.298069124140147E-4,1001487.4984882888
267620,250.0,3.3299390451022544,2.496684806816639E-4,1001327.8380892572
267618,240.0,-0.8003999202279585,2.3968864846939328E-4,1001298.9832125758
274082,450.0,85.95864499502304,4.493181046517703E-4,1001517.6226846194
272994,0.0,-100.0,0.0,1001239.8419215425
272996,0.0,-100.0,0.0,1001268.286432137
263426,0.0,-100.0,0.0,1001117.8146328919
275132,10.0,-95.866261247636,9.988046865944141E-6,1001196.7438896002
275668,0.0,-100.0,0.0,1001196.5432630673
270317,170.0,-29.750124741630874,1.6973957195675683E-4,1001534.2800752999
269756,10.0,-95.86626952410475,9.988026868125563E-6,1001198.748464789
271942,0.0,-100.0,0.0,1001640.9905034371
266566,130.0,-46.27715919121143,1.2980652235533176E-4,1001490.5078817119
278858,0.0,-100.0,0.0,1001470.5789418471
264487,0.0,-100.0,0.0,1001613.1574413056
278340,0.0,-100.0,0.0,1001381.941613488
263951,10.0,-95.86662998703251,9.987155908243587E-6,1001286.0610041955
263953,190.0,-21.468225906816123,1.8975051088071092E-4,1001314.8271281647
269238,240.0,-0.8177794872786187,2.3964665550839338E-4,1001474.4394861553
270292,370.0,52.952329217478336,3.6956738778081696E-4,1001170.5908948861
268147,0.0,-100.0,0.0,1001227.5101242306
267645,30.0,-87.60507887744822,2.9948930130364255E-5,1001705.2318534733
264455,0.0,-100.0,0.0,1001145.0011518977
274614,0.0,-100.0,0.0,1001457.3585841716
273523,0.0,-100.0,0.0,1001169.3970912774
270851,670.0,176.88387660240238,6.690140092543465E-4,1001473.7968592801
266568,610.0,152.0765117070763,6.090738103113445E-4,1001520.6526253067
275134,0.0,-100.0,0.0,1001224.885804649
264973,30.0,-87.59848440848721,2.9964863857429393E-5,1001172.578081375
268179,0.0,-100.0,0.0,1001705.0067854822
269758,280.0,15.741198357644965,2.796568875707471E-4,1001226.9049842949
272462,490.0,102.52705712912882,4.89351132088516E-4,1001325.976111907
267086,1370.0,466.2561222614319,0.0013682027399628406,1001313.5919002824
264485,230.0,-4.9606185874705115,2.2963662014582507E-4,1001582.4124825743
272460,0.0,-100.0,0.0,1001297.1343892016
274055,0.0,-100.0,0.0,1001127.6482703795
267084,370.0,52.934877812139135,3.695252212422797E-4,1001284.8345131198
268679,0.0,-100.0,0.0,1001157.2807247976
263465,10.0,-95.86830230572161,9.983115208421425E-6,1001691.3349416554
268697,1400.0,478.5971967980721,0.0013980215645747205,1001415.1680313181
265498,90.0,-62.7980579613691,8.988829794178176E-5,1001242.6763079949
271385,1850.0,664.5981505483488,0.0018474418967390715,1001384.6731880682
274073,1080.0,346.3604693956326,0.0010785077515793249,1001383.6232688081
276761,0.0,-100.0,0.0,1001456.5031956264
268681,40.0,-83.46485340488864,3.995265037800986E-5,1001185.1434521151
265514,810.0,234.73949347059283,8.088062523919005E-4,1001475.9376606811
271369,0.0,-100.0,0.0,1001156.2900766036
264971,0.0,-100.0,0.0,1001144.8040531158
274057,0.0,-100.0,0.0,1001155.298659425
276745,140.0,-42.12924906489997,1.3982881046283022E-4,1001224.2794357124
266041,250.0,3.306893470679157,2.496127973665877E-4,1001551.21306879
279367,0.0,-100.0,0.0,1001455.4331687792
270842,850.0,251.31714177753554,8.488615965091825E-4,1001341.0943497728
268154,1280.0,429.0493971502926,0.0012783028850371179,1001327.6313327204
267643,0.0,-100.0,0.0,1001673.9011154101
273003,1350.0,457.95851147014747,0.0013481538374018557,1001369.4005438595
270315,350.0,44.6364622907108,3.494743742714341E-4,1001504.0465546628
277286,690.0,185.19990418836528,6.891074109526472E-4,1001295.2829024416
267611,0.0,-100.0,0.0,1001199.5494142835
265005,10.0,-95.8681065525115,9.983588192408487E-6,1001643.8786611804
274598,0.0,-100.0,0.0,1001225.0878666362
272987,0.0,-100.0,0.0,1001141.8439486001
270299,0.0,-100.0,0.0,1001269.3067344364
260900,170.0,-29.760120291391985,1.697154204499864E-4,1001676.8043190127
275675,670.0,176.93306952455342,6.691328704696655E-4,1001295.9003638931
270826,10.0,-95.8659240205096,9.98886168287983E-6,1001115.0737164835
265530,10.0,-95.86842826852372,9.9828108538296E-6,1001721.8743720668
266025,220.0,-9.068397332043697,2.1971129852450518E-4,1001314.0037741966
268713,10.0,-95.86816424411614,9.98344879645599E-6,1001657.864319381
271910,800.0,230.70793597230553,7.990650985242029E-4,1001169.9941312964
269222,230.0,-4.928235852546253,2.2971486415045308E-4,1001241.2599010579
271401,190.0,-21.49260172718775,1.8969161339084696E-4,1001625.7261121905
267627,1480.0,511.6505970362406,0.0014778860481415247,1001430.3889404286
267077,10.0,-95.86621582194739,9.988156624672043E-6,1001185.7418513745
263944,0.0,-100.0,0.0,1001186.9377804708
269781,80.0,-66.94224684769027,7.987500119093376E-5,1001564.9302936152
272469,1150.0,375.269950546472,0.0011483595902906085,1001428.4808724212
267093,0.0,-100.0,0.0,1001415.8014349253
263960,0.0,-100.0,0.0,1001417.0673068188
267109,0.0,-100.0,0.0,1001658.5329083089
263458,0.0,-100.0,0.0,1001582.8503141953
264462,130.0,-46.26388320326038,1.298386001420015E-4,1001243.0807003615
277813,0.0,-100.0,0.0,1001280.7376957026
273012,0.0,-100.0,0.0,1001502.9676492773
278347,20.0,-91.73490851384052,1.9970328571893235E-5,1001485.7756596217
266559,260.0,7.456834810634809,2.5963999334521407E-4,1001386.5608689461
264494,0.0,-100.0,0.0,1001722.3255358634
271935,930.0,284.3083911680318,9.285759095846965E-4,1001533.6284310245
269247,0.0,-100.0,0.0,1001611.1721927904
276218,0.0,-100.0,0.0,1001382.7827195402
273530,130.0,-46.26522498928348,1.29835358083786E-4,1001268.0822746893
273546,480.0,98.35883330483746,4.792797614967101E-4,1001502.7517561783
263976,0.0,-100.0,0.0,1001659.8690301152
275141,410.0,69.46159041026529,4.094574931778669E-4,1001324.940515614
268170,10.0,-95.86778356083475,9.984368613281247E-6,1001565.5858997393
264478,10.0,-95.86741542588537,9.985258110500999E-6,1001476.3653914462
269765,120.0,-50.40158828445964,1.1984096972937825E-4,1001327.0108793417
270858,20.0,-91.73568426274727,1.9968454187249956E-5,1001579.7824135122
266575,20.0,-91.73607978489274,1.9967498516376143E-5,1001627.7193458761
272453,0.0,-100.0,0.0,1001197.746571617
264980,130.0,-46.26540008356688,1.2983493501643383E-4,1001271.3449084044
